sku,product_name,family,launch_date,unit_cost_inr,retail_price_inr,warranty_months
VA-EB-PL2,Pulse 2 True Wireless Earbuds,earbuds,15-07-2025,1480,3499,12
VA-EB-PL1,Pulse True Wireless Earbuds,earbuds,01-03-2024,1120,2499,12
VA-EB-AIR,AirLite Earbuds,earbuds,10-09-2024,760,1799,12
VA-HP-ST3,Strata 3 Over-Ear Headphones,headphones,20-11-2024,2650,6999,12
VA-HP-ST2,Strata 2 Over-Ear Headphones,headphones,01-10-2023,2100,4999,12
VA-SP-ORB,Orbit Smart Speaker,speaker,05-06-2024,2300,5999,12
VA-SP-MINI,Orbit Mini Speaker,speaker,14-02-2025,980,2499,12
VA-SW-NX2,Nexa 2 Smartwatch,watch,20-01-2025,2450,6499,12
VA-SW-NX1,Nexa Smartwatch,watch,05-12-2023,1900,4999,12
VA-SW-FIT,Nexa Fit Band,watch,01-08-2024,850,1999,12
VA-NB-ARC,Arc Neckband,earbuds,12-05-2024,540,1299,12
VA-AC-CH65,65W GaN Charger,accessory,01-04-2024,610,1499,6
VA-AC-CBL,USB-C Braided Cable,accessory,01-04-2024,90,399,6
VA-AC-CASE,Pulse Charging Case (spare),accessory,01-08-2025,620,1299,6
